seed,fold,epoch,g_physics,g_esm
2024,0,0,0.47604671120643616,0.48664572834968567
2024,0,1,0.49110040068626404,0.4855523109436035
2024,0,2,0.4921315312385559,0.48500892519950867
2024,0,3,0.48838087916374207,0.4836428165435791
2024,0,4,0.48986759781837463,0.48634639382362366
2024,0,5,0.48792168498039246,0.4962136149406433
2024,0,6,0.48333975672721863,0.5103377103805542
2024,0,7,0.4907126724720001,0.5136309266090393
2024,0,8,0.4837814271450043,0.5335969924926758
2024,0,9,0.48190081119537354,0.548111617565155
2024,0,10,0.48987719416618347,0.5680543780326843
2024,0,11,0.4822215139865875,0.5965121388435364
2024,0,12,0.4886963367462158,0.6143485903739929
2024,0,13,0.49461814761161804,0.6254150867462158
2024,0,14,0.49646222591400146,0.648582935333252
2024,0,15,0.49895530939102173,0.6917451024055481
2024,0,16,0.5079739093780518,0.7127529978752136
2024,0,17,0.4990624785423279,0.7225247621536255
2024,0,18,0.5023280382156372,0.7237328290939331
2024,0,19,0.4995623230934143,0.7407270669937134
2024,0,20,0.4987789988517761,0.7542985081672668
2024,0,21,0.5081456899642944,0.7584290504455566
2024,0,22,0.5105361938476562,0.7584805488586426
2024,0,23,0.5080562829971313,0.7736533880233765
2024,0,24,0.5227131843566895,0.7689474821090698
2024,0,25,0.49209585785865784,0.7827020883560181
2024,0,26,0.4620501697063446,0.771345317363739
2024,0,27,0.4613521993160248,0.7542925477027893
2024,0,28,0.4387074112892151,0.7552750706672668
2024,0,29,0.4494257867336273,0.7561306953430176
2024,0,30,0.405386745929718,0.7735593914985657
2024,0,31,0.42261359095573425,0.7603390216827393
2024,0,32,0.4050620198249817,0.7395960688591003
2024,0,33,0.42137402296066284,0.7218027114868164
2024,0,34,0.4140985310077667,0.7357069253921509
2024,0,35,0.3861546218395233,0.7291078567504883
2024,0,36,0.3857184946537018,0.7170671224594116
2024,0,37,0.38610702753067017,0.7380198240280151
2024,0,38,0.36840352416038513,0.7387299537658691
2024,0,39,0.35497260093688965,0.7318633198738098
2024,0,40,0.3630446493625641,0.6972550749778748
2024,0,41,0.3464089632034302,0.7158742547035217
2024,0,42,0.3397482633590698,0.690005898475647
2024,0,43,0.343658983707428,0.7066220045089722
2024,0,44,0.3443005681037903,0.6725108623504639
2024,0,45,0.3373602628707886,0.6556227207183838
2024,0,46,0.31205832958221436,0.6643965244293213
2024,0,47,0.31193962693214417,0.6774023175239563
2024,0,48,0.3265988230705261,0.6568252444267273
2024,1,0,0.4902956783771515,0.4939781427383423
2024,1,1,0.4933437705039978,0.49334877729415894
2024,1,2,0.496784508228302,0.49711862206459045
2024,1,3,0.49442532658576965,0.49914810061454773
2024,1,4,0.4991986155509949,0.5029292106628418
2024,1,5,0.49642306566238403,0.5100470781326294
2024,1,6,0.49143996834754944,0.5175459980964661
2024,1,7,0.49436134099960327,0.5256476998329163
2024,1,8,0.4975477159023285,0.5344364643096924
2024,1,9,0.49003133177757263,0.5587059855461121
2024,1,10,0.4943031966686249,0.5768817663192749
2024,1,11,0.4906976819038391,0.6080248355865479
2024,1,12,0.5014280080795288,0.6306127309799194
2024,1,13,0.5044160485267639,0.6497011780738831
2024,1,14,0.5134234428405762,0.6674274206161499
2024,1,15,0.5095618963241577,0.695185124874115
2024,1,16,0.5097610950469971,0.7216728329658508
2024,1,17,0.5088610649108887,0.7420156002044678
2024,1,18,0.5171356797218323,0.7566354870796204
2024,1,19,0.5050407648086548,0.7743476033210754
2024,1,20,0.5326539874076843,0.7760156393051147
2024,1,21,0.5151383876800537,0.7943000197410583
2024,1,22,0.5321801900863647,0.808083713054657
2024,1,23,0.5297685265541077,0.7986643314361572
2024,1,24,0.5163060426712036,0.8084390759468079
2024,1,25,0.4929482340812683,0.8031431436538696
2024,1,26,0.46467387676239014,0.8101382851600647
2024,1,27,0.4589781165122986,0.8072509765625
2024,1,28,0.44203421473503113,0.7963277697563171
2024,1,29,0.407656192779541,0.7962380051612854
2024,1,30,0.4174242317676544,0.803023099899292
2024,1,31,0.451545387506485,0.7620169520378113
2024,1,32,0.41756099462509155,0.7716437578201294
2024,1,33,0.4006936848163605,0.7709639668464661
2024,1,34,0.3867439925670624,0.7526169419288635
2024,1,35,0.36984843015670776,0.7657586932182312
2024,1,36,0.37543895840644836,0.7591713070869446
2024,1,37,0.37020036578178406,0.7340779900550842
2024,1,38,0.3604883551597595,0.7254341244697571
2024,1,39,0.38187503814697266,0.7183959484100342
2024,1,40,0.3548954427242279,0.7125343680381775
2024,1,41,0.3626241087913513,0.712427020072937
2024,1,42,0.3493788242340088,0.7148591876029968
2024,1,43,0.3464750051498413,0.6955297589302063
2024,1,44,0.35080280900001526,0.6998697519302368
2024,1,45,0.3388237953186035,0.6824682354927063
2024,1,46,0.3384028375148773,0.6823834776878357
2024,1,47,0.34934201836586,0.6651557087898254
2024,1,48,0.3245757818222046,0.6839696168899536
2024,1,49,0.3231629729270935,0.6708657145500183
2024,1,50,0.32523322105407715,0.6642433404922485
2024,2,0,0.49583572149276733,0.5001326203346252
2024,2,1,0.502802312374115,0.4985097050666809
2024,2,2,0.5098415613174438,0.48637649416923523
2024,2,3,0.5096742510795593,0.48876792192459106
2024,2,4,0.5034879446029663,0.48885679244995117
2024,2,5,0.49904853105545044,0.49789565801620483
2024,2,6,0.4942888617515564,0.5020712614059448
2024,2,7,0.4921881854534149,0.5238639712333679
2024,2,8,0.49430686235427856,0.538779616355896
2024,2,9,0.5004369020462036,0.5611081719398499
2024,2,10,0.5095489621162415,0.5759168863296509
2024,2,11,0.5034693479537964,0.5912866592407227
2024,2,12,0.5024279356002808,0.6237420439720154
2024,2,13,0.5140619874000549,0.6513850092887878
2024,2,14,0.5241464972496033,0.6711477637290955
2024,2,15,0.5174102187156677,0.7012664675712585
2024,2,16,0.5167878270149231,0.719380795955658
2024,2,17,0.528633713722229,0.7298139929771423
2024,2,18,0.5258644223213196,0.7362207174301147
2024,2,19,0.5242506861686707,0.7449990510940552
2024,2,20,0.5268278121948242,0.7786316871643066
2024,2,21,0.5222397446632385,0.7782819271087646
2024,2,22,0.5370572805404663,0.787304699420929
2024,2,23,0.5445130467414856,0.7995243072509766
2024,2,24,0.5392407774925232,0.8079069256782532
2024,2,25,0.5177099108695984,0.8003320097923279
2024,2,26,0.5026825666427612,0.8033221960067749
2024,2,27,0.49107709527015686,0.7740837335586548
2024,2,28,0.47802355885505676,0.7772368788719177
2024,2,29,0.47143614292144775,0.7527719736099243
2024,2,30,0.45344260334968567,0.7268354296684265
2024,2,31,0.44799941778182983,0.7368472218513489
2024,2,32,0.45806023478507996,0.7383527159690857
2024,2,33,0.44147050380706787,0.738474428653717
2024,2,34,0.4498196542263031,0.7077531218528748
2024,2,35,0.4341382384300232,0.7072359323501587
2024,2,36,0.4007565975189209,0.7111642956733704
2024,2,37,0.4030817747116089,0.6731305122375488
2024,2,38,0.4049011170864105,0.6791291832923889
2024,2,39,0.41908225417137146,0.6813467741012573
2024,2,40,0.3969095051288605,0.6875258088111877
2024,2,41,0.3722710609436035,0.6799321174621582
2024,2,42,0.40425390005111694,0.6674162745475769
2024,2,43,0.40508201718330383,0.6698950529098511
2024,2,44,0.3941258490085602,0.6566365957260132
2024,2,45,0.3922210931777954,0.6412683129310608
2024,2,46,0.38740864396095276,0.6505708694458008
2024,2,47,0.3691716194152832,0.6266966462135315
2024,2,48,0.36985960602760315,0.6039637923240662
2024,2,49,0.3532639443874359,0.6344081163406372
2024,3,0,0.5123474597930908,0.46561485528945923
2024,3,1,0.5053402781486511,0.45852959156036377
2024,3,2,0.5013284087181091,0.4604368805885315
2024,3,3,0.4978330135345459,0.4673353135585785
2024,3,4,0.4914991855621338,0.47315919399261475
2024,3,5,0.49202433228492737,0.4789339303970337
2024,3,6,0.49237680435180664,0.4883660674095154
2024,3,7,0.49309155344963074,0.49720054864883423
2024,3,8,0.48706749081611633,0.5114149451255798
2024,3,9,0.4958021640777588,0.5303753614425659
2024,3,10,0.5002438426017761,0.547721803188324
2024,3,11,0.4995158314704895,0.5770344138145447
2024,3,12,0.5024716854095459,0.5937144756317139
2024,3,13,0.5089499354362488,0.6111390590667725
2024,3,14,0.5133112072944641,0.6366984844207764
2024,3,15,0.5138591527938843,0.664502739906311
2024,3,16,0.5155760645866394,0.6926560997962952
2024,3,17,0.5150362849235535,0.7093096971511841
2024,3,18,0.5202109217643738,0.7234556078910828
2024,3,19,0.5211962461471558,0.7403589487075806
2024,3,20,0.5266399383544922,0.7468388080596924
2024,3,21,0.5279643535614014,0.7609394788742065
2024,3,22,0.5294032692909241,0.7701789140701294
2024,3,23,0.5203531980514526,0.7815054059028625
2024,3,24,0.5436485409736633,0.7847051620483398
2024,3,25,0.5230144262313843,0.7793086767196655
2024,3,26,0.4961775839328766,0.7897920608520508
2024,3,27,0.46755170822143555,0.7777442336082458
2024,3,28,0.4876631200313568,0.7819972038269043
2024,3,29,0.4847961366176605,0.7717774510383606
2024,3,30,0.47256937623023987,0.7649739980697632
2024,3,31,0.44172564148902893,0.764427125453949
2024,3,32,0.43328988552093506,0.7688665390014648
2024,3,33,0.4147225618362427,0.7580357789993286
2024,3,34,0.41116052865982056,0.7591589093208313
2024,3,35,0.41831162571907043,0.7272090911865234
2024,3,36,0.42735588550567627,0.7282480597496033
2024,3,37,0.4392317831516266,0.725101888179779
2024,3,38,0.38172221183776855,0.7199737429618835
2024,3,39,0.41970589756965637,0.7075158953666687
2024,3,40,0.3983737826347351,0.7049713134765625
2024,3,41,0.3619827926158905,0.7161749005317688
2024,3,42,0.36970528960227966,0.6884587407112122
2024,3,43,0.3780425488948822,0.6915425062179565
2024,3,44,0.3874567747116089,0.674652636051178
2024,3,45,0.3597356081008911,0.6884825825691223
2024,3,46,0.384813517332077,0.661423921585083
2024,3,47,0.3664318919181824,0.6521514058113098
2024,3,48,0.3573068678379059,0.6594976782798767
2024,3,49,0.3459947109222412,0.6517511010169983
2024,3,50,0.3604409992694855,0.6433801651000977
2024,4,0,0.48935967683792114,0.5067552328109741
2024,4,1,0.498746395111084,0.5037503838539124
2024,4,2,0.5002938508987427,0.5039496421813965
2024,4,3,0.49865442514419556,0.5031160712242126
2024,4,4,0.4971486032009125,0.5027313828468323
2024,4,5,0.48848292231559753,0.5185234546661377
2024,4,6,0.48787134885787964,0.5269920229911804
2024,4,7,0.48649469017982483,0.535567045211792
2024,4,8,0.4888031482696533,0.5563818216323853
2024,4,9,0.489633709192276,0.5712229013442993
2024,4,10,0.49521198868751526,0.5877028107643127
2024,4,11,0.4908689558506012,0.6100572347640991
2024,4,12,0.497445672750473,0.6356097459793091
2024,4,13,0.4991471767425537,0.6596092581748962
2024,4,14,0.5052866339683533,0.6896101832389832
2024,4,15,0.5057697892189026,0.7128695845603943
2024,4,16,0.5054976940155029,0.7320297360420227
2024,4,17,0.5135519504547119,0.757104754447937
2024,4,18,0.5218030214309692,0.7738184928894043
2024,4,19,0.5207352042198181,0.7856658101081848
2024,4,20,0.5176839232444763,0.7946196794509888
2024,4,21,0.5357562303543091,0.8110967874526978
2024,4,22,0.5182727575302124,0.821422815322876
2024,4,23,0.5141565203666687,0.8240042328834534
2024,4,24,0.5228403210639954,0.8257066607475281
2024,4,25,0.5059287548065186,0.8143743872642517
2024,4,26,0.4936104714870453,0.8110552430152893
2024,4,27,0.467899888753891,0.8000748157501221
2024,4,28,0.4575125575065613,0.81003737449646
2024,4,29,0.4432884156703949,0.8089268207550049
2024,4,30,0.4270096719264984,0.7856717705726624
2024,4,31,0.40908464789390564,0.7874593138694763
2024,4,32,0.38909712433815,0.7591090798377991
2024,4,33,0.40175309777259827,0.7412780523300171
2024,4,34,0.3793477416038513,0.7684018611907959
2024,4,35,0.38479647040367126,0.7084267139434814
2024,4,36,0.36605584621429443,0.7162290811538696
2024,4,37,0.36171621084213257,0.7084841132164001
2024,4,38,0.3523002564907074,0.7100104689598083
2024,4,39,0.34432294964790344,0.6815413236618042
2024,4,40,0.34225916862487793,0.699017345905304
2024,4,41,0.33720552921295166,0.6769927740097046
2024,4,42,0.3510248064994812,0.6932036876678467
2024,4,43,0.33259230852127075,0.6826474666595459
2024,4,44,0.314884215593338,0.6774699687957764
2024,4,45,0.35044464468955994,0.6668183207511902
2024,4,46,0.31433138251304626,0.6758518218994141
2024,4,47,0.31247270107269287,0.6670121550559998
2024,4,48,0.31266969442367554,0.6644977927207947
2024,4,49,0.3286905884742737,0.6489827036857605
2024,4,50,0.32742810249328613,0.6737027168273926
2025,0,0,0.4794497787952423,0.5221368074417114
2025,0,1,0.4920252561569214,0.5246865153312683
2025,0,2,0.494035542011261,0.5231805443763733
2025,0,3,0.4899451434612274,0.5283586382865906
2025,0,4,0.494362473487854,0.5254595279693604
2025,0,5,0.4914208650588989,0.5334479808807373
2025,0,6,0.48895353078842163,0.5382456183433533
2025,0,7,0.48774799704551697,0.54874587059021
2025,0,8,0.4847356975078583,0.5626461505889893
2025,0,9,0.48837053775787354,0.5789688229560852
2025,0,10,0.4907497465610504,0.5939556360244751
2025,0,11,0.49347153306007385,0.6060441136360168
2025,0,12,0.5010989904403687,0.6267068982124329
2025,0,13,0.4988256096839905,0.6465160846710205
2025,0,14,0.49722087383270264,0.675417959690094
2025,0,15,0.5090369582176208,0.696490466594696
2025,0,16,0.5051961541175842,0.718796968460083
2025,0,17,0.5156177282333374,0.7446750402450562
2025,0,18,0.5232973098754883,0.7554114460945129
2025,0,19,0.522891104221344,0.7757388353347778
2025,0,20,0.5291457176208496,0.7835514545440674
2025,0,21,0.527334451675415,0.7969145774841309
2025,0,22,0.5241163372993469,0.8028014302253723
2025,0,23,0.5318084955215454,0.8142745494842529
2025,0,24,0.5273654460906982,0.8144808411598206
2025,0,25,0.5300105214118958,0.8115593791007996
2025,0,26,0.49348771572113037,0.8131014108657837
2025,0,27,0.47112199664115906,0.8101438283920288
2025,0,28,0.48289754986763,0.80303955078125
2025,0,29,0.5011129975318909,0.7739946246147156
2025,0,30,0.4495979845523834,0.7745485305786133
2025,0,31,0.43300628662109375,0.7703962326049805
2025,0,32,0.44505468010902405,0.7580010294914246
2025,0,33,0.4289097487926483,0.762907862663269
2025,0,34,0.41942259669303894,0.7473028302192688
2025,0,35,0.4017476439476013,0.740155816078186
2025,0,36,0.40113702416419983,0.7247627377510071
2025,0,37,0.3829299509525299,0.7173964977264404
2025,0,38,0.3791174590587616,0.6890527009963989
2025,0,39,0.35328051447868347,0.690822958946228
2025,0,40,0.36010733246803284,0.6849148273468018
2025,0,41,0.38175952434539795,0.6796427965164185
2025,0,42,0.3604484796524048,0.6843487024307251
2025,0,43,0.3635505437850952,0.6874372959136963
2025,0,44,0.3356512784957886,0.6833133697509766
2025,0,45,0.34492364525794983,0.6681684851646423
2025,0,46,0.3665843904018402,0.6457505822181702
2025,0,47,0.35688620805740356,0.6608336567878723
2025,0,48,0.33350780606269836,0.6599000096321106
2025,1,0,0.4846981465816498,0.5180390477180481
2025,1,1,0.49691423773765564,0.517195999622345
2025,1,2,0.503844141960144,0.5183802843093872
2025,1,3,0.5026510953903198,0.5172415971755981
2025,1,4,0.5048027634620667,0.5161440372467041
2025,1,5,0.4989263713359833,0.5172372460365295
2025,1,6,0.49520906805992126,0.5242074131965637
2025,1,7,0.49637606739997864,0.5317229628562927
2025,1,8,0.5013787150382996,0.5481448173522949
2025,1,9,0.49403950572013855,0.5569949150085449
2025,1,10,0.4913066327571869,0.5745807886123657
2025,1,11,0.4939345419406891,0.5993163585662842
2025,1,12,0.4949859082698822,0.620184063911438
2025,1,13,0.5078694224357605,0.6385498046875
2025,1,14,0.49724534153938293,0.6717168092727661
2025,1,15,0.5130122900009155,0.6902189254760742
2025,1,16,0.5077341794967651,0.7146020531654358
2025,1,17,0.5223796367645264,0.7424762845039368
2025,1,18,0.5163718461990356,0.753484308719635
2025,1,19,0.5120804905891418,0.7752357721328735
2025,1,20,0.516262948513031,0.781765878200531
2025,1,21,0.5159175992012024,0.7882439494132996
2025,1,22,0.513055682182312,0.7841163873672485
2025,1,23,0.506706178188324,0.7806764841079712
2025,1,24,0.50603848695755,0.8007360696792603
2025,1,25,0.4967576563358307,0.7865934371948242
2025,1,26,0.4802587628364563,0.7772508859634399
2025,1,27,0.4372260570526123,0.7882641553878784
2025,1,28,0.44063445925712585,0.77638840675354
2025,1,29,0.4132927358150482,0.7565419673919678
2025,1,30,0.39957982301712036,0.7592868804931641
2025,1,31,0.38692647218704224,0.7459585070610046
2025,1,32,0.3975585103034973,0.7367357015609741
2025,1,33,0.40382835268974304,0.7262778878211975
2025,1,34,0.39950281381607056,0.7184855937957764
2025,1,35,0.38663995265960693,0.7232595086097717
2025,1,36,0.3834688067436218,0.7111131548881531
2025,1,37,0.34864112734794617,0.7136300802230835
2025,1,38,0.35474252700805664,0.712228000164032
2025,1,39,0.3699549436569214,0.6897223591804504
2025,1,40,0.3506354093551636,0.6938673257827759
2025,1,41,0.3495144248008728,0.6833835244178772
2025,1,42,0.3460780084133148,0.6782612800598145
2025,1,43,0.36105117201805115,0.677401602268219
2025,1,44,0.34809282422065735,0.682498037815094
2025,1,45,0.3331858515739441,0.6813147664070129
2025,1,46,0.3285326063632965,0.6704506278038025
2025,1,47,0.33137571811676025,0.6881431341171265
2025,1,48,0.33190861344337463,0.6850740909576416
2025,2,0,0.507863461971283,0.4529493749141693
2025,2,1,0.5050845146179199,0.45027175545692444
2025,2,2,0.5011529326438904,0.45238015055656433
2025,2,3,0.49398553371429443,0.45506784319877625
2025,2,4,0.49032023549079895,0.45706045627593994
2025,2,5,0.48525530099868774,0.4646403193473816
2025,2,6,0.48966455459594727,0.47586777806282043
2025,2,7,0.4878664016723633,0.48340100049972534
2025,2,8,0.48703324794769287,0.5095916390419006
2025,2,9,0.48857221007347107,0.5195645689964294
2025,2,10,0.49934062361717224,0.541042685508728
2025,2,11,0.4907524287700653,0.5583981871604919
2025,2,12,0.49944210052490234,0.569080114364624
2025,2,13,0.5040682554244995,0.5898816585540771
2025,2,14,0.5063361525535583,0.6195763945579529
2025,2,15,0.5085005164146423,0.6384994983673096
2025,2,16,0.5122720003128052,0.6623933911323547
2025,2,17,0.5144771933555603,0.6876574754714966
2025,2,18,0.5180822014808655,0.7024261355400085
2025,2,19,0.5068796873092651,0.7244272232055664
2025,2,20,0.5098254680633545,0.7294163703918457
2025,2,21,0.5205496549606323,0.731249988079071
2025,2,22,0.5299974679946899,0.7403413653373718
2025,2,23,0.5357041358947754,0.7520871162414551
2025,2,24,0.5336394906044006,0.7499635219573975
2025,2,25,0.5014411211013794,0.745984673500061
2025,2,26,0.48760536313056946,0.742915689945221
2025,2,27,0.4774288237094879,0.7528652548789978
2025,2,28,0.4671204090118408,0.7422286868095398
2025,2,29,0.483987420797348,0.7263811826705933
2025,2,30,0.465150386095047,0.717002809047699
2025,2,31,0.45987215638160706,0.7184582948684692
2025,2,32,0.4419623613357544,0.7139691710472107
2025,2,33,0.4474721848964691,0.7124105095863342
2025,2,34,0.40820255875587463,0.6781036853790283
2025,2,35,0.4164460301399231,0.6800293326377869
2025,2,36,0.4232714772224426,0.6832325458526611
2025,2,37,0.3974211812019348,0.6777388453483582
2025,2,38,0.40916508436203003,0.6640568375587463
2025,2,39,0.3937655985355377,0.6727368235588074
2025,2,40,0.39023053646087646,0.6581470966339111
2025,2,41,0.356872022151947,0.6685482263565063
2025,2,42,0.3921786844730377,0.6734942197799683
2025,2,43,0.38146552443504333,0.654209554195404
2025,2,44,0.3660515546798706,0.6525672078132629
2025,2,45,0.3401045799255371,0.6418581604957581
2025,2,46,0.3557344675064087,0.6269679665565491
2025,2,47,0.33291298151016235,0.6430661082267761
2025,2,48,0.3325350284576416,0.6426734328269958
2025,2,49,0.33411991596221924,0.6382360458374023
2025,2,50,0.32406601309776306,0.652906596660614
2025,2,51,0.3371671438217163,0.6608211398124695
2025,2,52,0.3322547376155853,0.6245928406715393
2025,3,0,0.4899235963821411,0.5309386253356934
2025,3,1,0.4941616952419281,0.5297667384147644
2025,3,2,0.4933539628982544,0.5297443866729736
2025,3,3,0.49045607447624207,0.5283545255661011
2025,3,4,0.4890592694282532,0.5281847715377808
2025,3,5,0.4879349172115326,0.5344141125679016
2025,3,6,0.4839549958705902,0.53946852684021
2025,3,7,0.48289740085601807,0.5508077144622803
2025,3,8,0.47961530089378357,0.563270092010498
2025,3,9,0.48651227355003357,0.576740026473999
2025,3,10,0.48825016617774963,0.5947965383529663
2025,3,11,0.48243674635887146,0.6165746450424194
2025,3,12,0.497048944234848,0.6361676454544067
2025,3,13,0.48945027589797974,0.6552006006240845
2025,3,14,0.49579083919525146,0.674125611782074
2025,3,15,0.5059924721717834,0.6879085898399353
2025,3,16,0.4965745210647583,0.7128018140792847
2025,3,17,0.5066850781440735,0.7441436648368835
2025,3,18,0.5026257038116455,0.7593106031417847
2025,3,19,0.5050837993621826,0.7654324769973755
2025,3,20,0.5035215616226196,0.7871919870376587
2025,3,21,0.5185627937316895,0.7968998551368713
2025,3,22,0.5282083749771118,0.8064625263214111
2025,3,23,0.5123722553253174,0.8146064877510071
2025,3,24,0.51861572265625,0.8096228241920471
2025,3,25,0.4832603931427002,0.8099938035011292
2025,3,26,0.5012609362602234,0.8181880712509155
2025,3,27,0.48577332496643066,0.7931115031242371
2025,3,28,0.4581734538078308,0.7916347980499268
2025,3,29,0.4565161168575287,0.7864673137664795
2025,3,30,0.4399052858352661,0.7700214385986328
2025,3,31,0.4540531039237976,0.7662264108657837
2025,3,32,0.4345393478870392,0.7552284598350525
2025,3,33,0.44379478693008423,0.7633012533187866
2025,3,34,0.40092170238494873,0.7425887584686279
2025,3,35,0.39563044905662537,0.7337608933448792
2025,3,36,0.4062015116214752,0.735104501247406
2025,3,37,0.39937564730644226,0.6961678862571716
2025,3,38,0.37620997428894043,0.6960533261299133
2025,3,39,0.38802820444107056,0.6990122199058533
2025,3,40,0.38350820541381836,0.7023758292198181
2025,3,41,0.3844669461250305,0.6966403722763062
2025,3,42,0.3640252649784088,0.6695067882537842
2025,3,43,0.35215479135513306,0.6702924966812134
2025,3,44,0.3471262454986572,0.6631466150283813
2025,3,45,0.34348174929618835,0.6671485304832458
2025,3,46,0.3515211343765259,0.6440336108207703
2025,3,47,0.3440185487270355,0.6139295697212219
2025,3,48,0.34305432438850403,0.6421540379524231
2025,3,49,0.3668401837348938,0.6594712734222412
2025,3,50,0.35141611099243164,0.6465988755226135
2025,4,0,0.47802734375,0.512947678565979
2025,4,1,0.48870858550071716,0.5104106068611145
2025,4,2,0.49733102321624756,0.5037131309509277
2025,4,3,0.49205633997917175,0.505669891834259
2025,4,4,0.4868239462375641,0.5038010478019714
2025,4,5,0.4904828369617462,0.5079575777053833
2025,4,6,0.48265182971954346,0.5194105505943298
2025,4,7,0.483743280172348,0.5367252826690674
2025,4,8,0.4780209958553314,0.548957347869873
2025,4,9,0.48666805028915405,0.5663031935691833
2025,4,10,0.4864811301231384,0.5805174708366394
2025,4,11,0.4901669919490814,0.5991693139076233
2025,4,12,0.5004653930664062,0.6283102631568909
2025,4,13,0.5035960078239441,0.6458491683006287
2025,4,14,0.5072948336601257,0.660563588142395
2025,4,15,0.5031676888465881,0.6779639720916748
2025,4,16,0.5057698488235474,0.6999876499176025
2025,4,17,0.5042337775230408,0.7130126357078552
2025,4,18,0.500540018081665,0.7458418607711792
2025,4,19,0.5145715475082397,0.7505877017974854
2025,4,20,0.5123096108436584,0.7727196216583252
2025,4,21,0.5052711963653564,0.7790701985359192
2025,4,22,0.51678466796875,0.7849650979042053
2025,4,23,0.5287297368049622,0.7878412008285522
2025,4,24,0.5163605809211731,0.7814117670059204
2025,4,25,0.44976913928985596,0.7861636877059937
2025,4,26,0.48416727781295776,0.7785714268684387
2025,4,27,0.4391206204891205,0.7782111763954163
2025,4,28,0.455357164144516,0.7591824531555176
2025,4,29,0.4165136516094208,0.7772068381309509
2025,4,30,0.41793596744537354,0.7369837760925293
2025,4,31,0.3988558053970337,0.7620311975479126
2025,4,32,0.4055030643939972,0.7400134205818176
2025,4,33,0.3658348023891449,0.7413021922111511
2025,4,34,0.38257381319999695,0.70672607421875
2025,4,35,0.38539135456085205,0.7279949188232422
2025,4,36,0.38628193736076355,0.7094154953956604
2025,4,37,0.3759026527404785,0.7261013984680176
2025,4,38,0.3582600951194763,0.7248789668083191
2025,4,39,0.37062016129493713,0.6926072835922241
2025,4,40,0.3226712644100189,0.6877912282943726
2025,4,41,0.3555426597595215,0.682025134563446
2025,4,42,0.32622069120407104,0.6865831613540649
2025,4,43,0.3594999611377716,0.6642041802406311
2025,4,44,0.3392903506755829,0.6669403910636902
2025,4,45,0.33731168508529663,0.6710572242736816
2025,4,46,0.31558725237846375,0.6629037261009216
2025,4,47,0.32582005858421326,0.661767840385437
2025,4,48,0.31268981099128723,0.6532580852508545
2025,4,49,0.3256732225418091,0.6411928534507751
2025,4,50,0.299850732088089,0.6329827904701233
2026,0,0,0.4976816177368164,0.47012531757354736
2026,0,1,0.5016088485717773,0.47031673789024353
2026,0,2,0.5034920573234558,0.468499094247818
2026,0,3,0.4987674653530121,0.4715000092983246
2026,0,4,0.4985733926296234,0.4781915545463562
2026,0,5,0.4999857246875763,0.47969892621040344
2026,0,6,0.491424560546875,0.4962838888168335
2026,0,7,0.49703454971313477,0.5094507932662964
2026,0,8,0.4989762306213379,0.5225282311439514
2026,0,9,0.4944373369216919,0.5482051968574524
2026,0,10,0.49668461084365845,0.5710519552230835
2026,0,11,0.5014773607254028,0.590268075466156
2026,0,12,0.5052999258041382,0.6106597185134888
2026,0,13,0.5060685276985168,0.6428326368331909
2026,0,14,0.5020442605018616,0.6705856323242188
2026,0,15,0.5166710615158081,0.695064902305603
2026,0,16,0.5154047012329102,0.7111387252807617
2026,0,17,0.5146872401237488,0.7495942711830139
2026,0,18,0.5276654958724976,0.7625126838684082
2026,0,19,0.5387495160102844,0.7711676359176636
2026,0,20,0.5288049578666687,0.787244439125061
2026,0,21,0.5338523387908936,0.8028183579444885
2026,0,22,0.5358758568763733,0.8103427886962891
2026,0,23,0.52480149269104,0.819309651851654
2026,0,24,0.5372713804244995,0.8198258876800537
2026,0,25,0.5236387252807617,0.8138052821159363
2026,0,26,0.4861399829387665,0.8241539597511292
2026,0,27,0.4670824110507965,0.8191149234771729
2026,0,28,0.47487837076187134,0.8027455806732178
2026,0,29,0.47825199365615845,0.7882543802261353
2026,0,30,0.45603862404823303,0.7844476699829102
2026,0,31,0.44940343499183655,0.7799755334854126
2026,0,32,0.4483128488063812,0.7850322127342224
2026,0,33,0.4592278301715851,0.7712233066558838
2026,0,34,0.45854878425598145,0.7612965106964111
2026,0,35,0.44884422421455383,0.7515416145324707
2026,0,36,0.42129772901535034,0.7497217059135437
2026,0,37,0.4264810085296631,0.7358804941177368
2026,0,38,0.42009660601615906,0.728162407875061
2026,0,39,0.408486008644104,0.7136428952217102
2026,0,40,0.4013316035270691,0.7098618149757385
2026,0,41,0.4211323857307434,0.6597639322280884
2026,0,42,0.41147783398628235,0.6987050175666809
2026,0,43,0.3774547278881073,0.6997973918914795
2026,0,44,0.38721340894699097,0.6798464059829712
2026,0,45,0.34689730405807495,0.6660730838775635
2026,0,46,0.3638187050819397,0.6607971787452698
2026,0,47,0.34315603971481323,0.6409828066825867
2026,0,48,0.3594813942909241,0.636774480342865
2026,0,49,0.34643539786338806,0.6410046815872192
2026,0,50,0.34243419766426086,0.6204345226287842
2026,1,0,0.4982849061489105,0.48080936074256897
2026,1,1,0.4996239244937897,0.48252829909324646
2026,1,2,0.4958082139492035,0.4832516610622406
2026,1,3,0.49295201897621155,0.481234610080719
2026,1,4,0.4996405839920044,0.4843539297580719
2026,1,5,0.4942208230495453,0.4872927665710449
2026,1,6,0.490443617105484,0.4946677088737488
2026,1,7,0.49064284563064575,0.5025286674499512
2026,1,8,0.4901712238788605,0.5156663656234741
2026,1,9,0.4892934560775757,0.5302674174308777
2026,1,10,0.49026036262512207,0.5573436617851257
2026,1,11,0.49438294768333435,0.5809600949287415
2026,1,12,0.5019969344139099,0.6016517877578735
2026,1,13,0.49319374561309814,0.6311234831809998
2026,1,14,0.49813804030418396,0.6489624381065369
2026,1,15,0.4985489547252655,0.681837260723114
2026,1,16,0.5079436302185059,0.7007212042808533
2026,1,17,0.5147371888160706,0.714897096157074
2026,1,18,0.5299264788627625,0.7279329895973206
2026,1,19,0.5181910395622253,0.7452813982963562
2026,1,20,0.5157701969146729,0.7519975900650024
2026,1,21,0.5139087438583374,0.7615215182304382
2026,1,22,0.5362079739570618,0.7772405743598938
2026,1,23,0.5147932171821594,0.7772948145866394
2026,1,24,0.5157319903373718,0.7684320211410522
2026,1,25,0.487611323595047,0.7674309611320496
2026,1,26,0.4769386947154999,0.7636063694953918
2026,1,27,0.4826052784919739,0.7535673379898071
2026,1,28,0.4551008641719818,0.7597319483757019
2026,1,29,0.44589194655418396,0.7395607233047485
2026,1,30,0.4280650317668915,0.7539028525352478
2026,1,31,0.44091373682022095,0.7443788647651672
2026,1,32,0.42384621500968933,0.7401511073112488
2026,1,33,0.3825647234916687,0.7423016428947449
2026,1,34,0.37726497650146484,0.7304052710533142
2026,1,35,0.37152522802352905,0.7203906774520874
2026,1,36,0.3805619776248932,0.6978799700737
2026,1,37,0.38936418294906616,0.6781167387962341
2026,1,38,0.3848098814487457,0.6920635104179382
2026,1,39,0.3748980164527893,0.6898460984230042
2026,1,40,0.34471529722213745,0.696259081363678
2026,1,41,0.3691476583480835,0.6700824499130249
2026,1,42,0.34026214480400085,0.6587626934051514
2026,1,43,0.3410986661911011,0.6817430257797241
2026,1,44,0.34648579359054565,0.660531222820282
2026,1,45,0.330824077129364,0.6573683023452759
2026,1,46,0.3215559124946594,0.6601825952529907
2026,1,47,0.34839165210723877,0.6465103626251221
2026,1,48,0.3305545449256897,0.6486390233039856
2026,1,49,0.3239670693874359,0.6583564877510071
2026,1,50,0.3292478024959564,0.6359622478485107
2026,1,51,0.33573225140571594,0.649042010307312
2026,1,52,0.32768484950065613,0.6268050670623779
2026,2,0,0.48702865839004517,0.5308882594108582
2026,2,1,0.4861718714237213,0.531221330165863
2026,2,2,0.4871063530445099,0.5301814079284668
2026,2,3,0.48494258522987366,0.5317670702934265
2026,2,4,0.481359601020813,0.5313391089439392
2026,2,5,0.4781739115715027,0.5374968647956848
2026,2,6,0.4726962745189667,0.5410594940185547
2026,2,7,0.47435659170150757,0.5552396774291992
2026,2,8,0.4792730510234833,0.5712410807609558
2026,2,9,0.4792473614215851,0.5804723501205444
2026,2,10,0.4770057499408722,0.6031509041786194
2026,2,11,0.4876370131969452,0.6183139681816101
2026,2,12,0.4838148057460785,0.6317659020423889
2026,2,13,0.49195122718811035,0.6501448154449463
2026,2,14,0.49958258867263794,0.6769495010375977
2026,2,15,0.5023475289344788,0.711289644241333
2026,2,16,0.5079315304756165,0.7314320206642151
2026,2,17,0.5063266754150391,0.7518149018287659
2026,2,18,0.49999871850013733,0.7659277319908142
2026,2,19,0.5067571401596069,0.7686350345611572
2026,2,20,0.5093684196472168,0.7836043238639832
2026,2,21,0.5046340823173523,0.7960410714149475
2026,2,22,0.5056666135787964,0.8084056377410889
2026,2,23,0.5110920667648315,0.8130524754524231
2026,2,24,0.5138380527496338,0.8117364645004272
2026,2,25,0.4668576717376709,0.8152719140052795
2026,2,26,0.4705101251602173,0.80124431848526
2026,2,27,0.45819994807243347,0.7860933542251587
2026,2,28,0.44690313935279846,0.7762033939361572
2026,2,29,0.43779340386390686,0.7605482935905457
2026,2,30,0.4470587968826294,0.7711755037307739
2026,2,31,0.43781521916389465,0.7491438388824463
2026,2,32,0.41247954964637756,0.7529398202896118
2026,2,33,0.39093074202537537,0.7437079548835754
2026,2,34,0.4003852307796478,0.740841269493103
2026,2,35,0.3747517168521881,0.7318748235702515
2026,2,36,0.3593609929084778,0.7306619882583618
2026,2,37,0.3496822714805603,0.721360981464386
2026,2,38,0.37177345156669617,0.6968618631362915
2026,2,39,0.36394867300987244,0.6907454133033752
2026,2,40,0.3542441427707672,0.6857802867889404
2026,2,41,0.36836016178131104,0.6849221587181091
2026,2,42,0.36193469166755676,0.6565893292427063
2026,2,43,0.3389960825443268,0.6672674417495728
2026,2,44,0.3432108461856842,0.6708163022994995
2026,2,45,0.3180122673511505,0.6719594597816467
2026,2,46,0.31167885661125183,0.6887839436531067
2026,2,47,0.3401308059692383,0.6806456446647644
2026,2,48,0.33237162232398987,0.6795297861099243
2026,2,49,0.31400930881500244,0.6760395169258118
2026,3,0,0.4919074475765228,0.5149996280670166
2026,3,1,0.5002130270004272,0.5154428482055664
2026,3,2,0.5005952715873718,0.5123690366744995
2026,3,3,0.4986084997653961,0.5159245729446411
2026,3,4,0.4955049157142639,0.5219135284423828
2026,3,5,0.4947839379310608,0.5229096412658691
2026,3,6,0.494645893573761,0.5313190817832947
2026,3,7,0.49328920245170593,0.5451871752738953
2026,3,8,0.49293282628059387,0.5563974380493164
2026,3,9,0.48746034502983093,0.5812837481498718
2026,3,10,0.4994909465312958,0.5917540192604065
2026,3,11,0.5073243975639343,0.6073986887931824
2026,3,12,0.5004482269287109,0.6288811564445496
2026,3,13,0.509161114692688,0.6549329161643982
2026,3,14,0.510257363319397,0.6785166263580322
2026,3,15,0.5129358172416687,0.7055202722549438
2026,3,16,0.5170313119888306,0.7183058261871338
2026,3,17,0.5147157311439514,0.7508538961410522
2026,3,18,0.5123676061630249,0.7541077733039856
2026,3,19,0.5286543369293213,0.7706946134567261
2026,3,20,0.5220842957496643,0.7767959237098694
2026,3,21,0.5280027985572815,0.7996520400047302
2026,3,22,0.5420039892196655,0.8094796538352966
2026,3,23,0.5322050452232361,0.8090057373046875
2026,3,24,0.5219749808311462,0.8083705902099609
2026,3,25,0.5237668752670288,0.7994097471237183
2026,3,26,0.4839812219142914,0.8024175763130188
2026,3,27,0.4360246956348419,0.8126241564750671
2026,3,28,0.4386776089668274,0.8015367984771729
2026,3,29,0.41063085198402405,0.7923198938369751
2026,3,30,0.43889203667640686,0.7948107719421387
2026,3,31,0.4134916067123413,0.7828184962272644
2026,3,32,0.41924014687538147,0.766776978969574
2026,3,33,0.41302141547203064,0.754386305809021
2026,3,34,0.41228869557380676,0.7393835783004761
2026,3,35,0.4079953134059906,0.7534390687942505
2026,3,36,0.39342620968818665,0.7333873510360718
2026,3,37,0.3594886064529419,0.737670361995697
2026,3,38,0.35655754804611206,0.7456661462783813
2026,3,39,0.3930252492427826,0.7541295289993286
2026,3,40,0.392748087644577,0.7209797501564026
2026,3,41,0.34114736318588257,0.7182719707489014
2026,3,42,0.36283278465270996,0.712388277053833
2026,3,43,0.3421081006526947,0.699667751789093
2026,3,44,0.3124314844608307,0.6909906268119812
2026,3,45,0.32666000723838806,0.6919280886650085
2026,3,46,0.32209327816963196,0.6861913204193115
2026,3,47,0.3244877755641937,0.6956688761711121
2026,3,48,0.305074006319046,0.6910424828529358
2026,3,49,0.31773385405540466,0.6675341725349426
2026,3,50,0.31697505712509155,0.6397927403450012
2026,3,51,0.3144048750400543,0.6477010846138
2026,3,52,0.3311823010444641,0.6356879472732544
2026,3,53,0.2907730042934418,0.6550330519676208
2026,4,0,0.5170737504959106,0.5101538300514221
2026,4,1,0.5065727233886719,0.5078556537628174
2026,4,2,0.49712294340133667,0.5013583898544312
2026,4,3,0.4939039945602417,0.5020198822021484
2026,4,4,0.49128443002700806,0.5026960372924805
2026,4,5,0.48478975892066956,0.5065296292304993
2026,4,6,0.49004051089286804,0.5113916397094727
2026,4,7,0.48399829864501953,0.5201880931854248
2026,4,8,0.48459476232528687,0.5342574119567871
2026,4,9,0.4946664273738861,0.5452454090118408
2026,4,10,0.4847148656845093,0.5604764819145203
2026,4,11,0.4901311993598938,0.5826496481895447
2026,4,12,0.4942324757575989,0.6096258163452148
2026,4,13,0.4948134422302246,0.6315690279006958
2026,4,14,0.49928489327430725,0.6575942635536194
2026,4,15,0.4966469407081604,0.6905134320259094
2026,4,16,0.5049377679824829,0.707473874092102
2026,4,17,0.49676021933555603,0.739838719367981
2026,4,18,0.5085424780845642,0.7616300582885742
2026,4,19,0.49965378642082214,0.7777454853057861
2026,4,20,0.5056881308555603,0.7969778180122375
2026,4,21,0.5076385736465454,0.8064368963241577
2026,4,22,0.5152473449707031,0.8062376379966736
2026,4,23,0.5187020301818848,0.8138192296028137
2026,4,24,0.5233397483825684,0.8156858086585999
2026,4,25,0.47620898485183716,0.8161617517471313
2026,4,26,0.4713636040687561,0.7979784607887268
2026,4,27,0.4478553831577301,0.7993892431259155
2026,4,28,0.45206189155578613,0.7905768752098083
2026,4,29,0.46302077174186707,0.7771559357643127
2026,4,30,0.4235873222351074,0.7664657831192017
2026,4,31,0.4110270142555237,0.7633728981018066
2026,4,32,0.42412662506103516,0.7733479142189026
2026,4,33,0.3993593752384186,0.7609481811523438
2026,4,34,0.41495847702026367,0.7392106056213379
2026,4,35,0.40728798508644104,0.7305867075920105
2026,4,36,0.40958577394485474,0.7469589710235596
2026,4,37,0.38637489080429077,0.7341418862342834
2026,4,38,0.3874704837799072,0.7261602282524109
2026,4,39,0.3674071133136749,0.7349579334259033
2026,4,40,0.37367478013038635,0.7154641151428223
2026,4,41,0.35386043787002563,0.7039302587509155
2026,4,42,0.33595651388168335,0.7037143111228943
2026,4,43,0.36046144366264343,0.6694302558898926
2026,4,44,0.38330501317977905,0.6815851926803589
2026,4,45,0.35956940054893494,0.6710047721862793
2026,4,46,0.36504849791526794,0.668681263923645
2026,4,47,0.36770954728126526,0.6792487502098083
2026,4,48,0.3444100320339203,0.644161581993103
2026,4,49,0.3407164216041565,0.6502190828323364
2026,4,50,0.32645055651664734,0.6485472917556763
2026,4,51,0.32863008975982666,0.63060462474823
2027,0,0,0.5060626268386841,0.4973546862602234
2027,0,1,0.5093719959259033,0.49594396352767944
2027,0,2,0.5111652612686157,0.49397140741348267
2027,0,3,0.5036221742630005,0.4967120289802551
2027,0,4,0.5000048875808716,0.4993547201156616
2027,0,5,0.49770990014076233,0.5024011731147766
2027,0,6,0.49587082862854004,0.5122272968292236
2027,0,7,0.4949679374694824,0.5268991589546204
2027,0,8,0.4963284432888031,0.5349961519241333
2027,0,9,0.49578776955604553,0.549487829208374
2027,0,10,0.4995135962963104,0.5650882720947266
2027,0,11,0.4997674524784088,0.5875580906867981
2027,0,12,0.5082744359970093,0.6064578294754028
2027,0,13,0.505457878112793,0.6375176310539246
2027,0,14,0.5171661972999573,0.6563342213630676
2027,0,15,0.5102073550224304,0.6717690825462341
2027,0,16,0.5221465229988098,0.695256769657135
2027,0,17,0.5284509062767029,0.7166078090667725
2027,0,18,0.5228360891342163,0.7439849972724915
2027,0,19,0.5223222374916077,0.7636752128601074
2027,0,20,0.5265718102455139,0.7625532746315002
2027,0,21,0.5368148684501648,0.7714488506317139
2027,0,22,0.5291355848312378,0.7901288270950317
2027,0,23,0.5497331619262695,0.7797247171401978
2027,0,24,0.5282336473464966,0.7773008346557617
2027,0,25,0.5102422833442688,0.7889858484268188
2027,0,26,0.48190948367118835,0.7856769561767578
2027,0,27,0.47509655356407166,0.7676503658294678
2027,0,28,0.4822988510131836,0.7790358066558838
2027,0,29,0.474835604429245,0.7632266283035278
2027,0,30,0.48232749104499817,0.7457447648048401
2027,0,31,0.45004233717918396,0.7367445826530457
2027,0,32,0.42400676012039185,0.7344899773597717
2027,0,33,0.4295429587364197,0.7183063626289368
2027,0,34,0.4232310652732849,0.733508288860321
2027,0,35,0.43693622946739197,0.713840901851654
2027,0,36,0.412728875875473,0.6934624314308167
2027,0,37,0.4185730516910553,0.6845396161079407
2027,0,38,0.4187855124473572,0.6790540814399719
2027,0,39,0.3902508616447449,0.6614472270011902
2027,0,40,0.3818386495113373,0.6693485379219055
2027,0,41,0.3832947313785553,0.7001783847808838
2027,0,42,0.3678622245788574,0.6817202568054199
2027,0,43,0.3832940459251404,0.6848656535148621
2027,0,44,0.37345588207244873,0.6878312230110168
2027,0,45,0.3560406267642975,0.6801871657371521
2027,0,46,0.36239495873451233,0.6596821546554565
2027,0,47,0.36807727813720703,0.6657968759536743
2027,0,48,0.3521406054496765,0.6633038520812988
2027,0,49,0.36590179800987244,0.6644693613052368
2027,0,50,0.37207120656967163,0.6768798232078552
2027,1,0,0.49385517835617065,0.505649209022522
2027,1,1,0.49876275658607483,0.5013895034790039
2027,1,2,0.5000059008598328,0.5013552308082581
2027,1,3,0.5025094747543335,0.49892231822013855
2027,1,4,0.4946579039096832,0.5060238242149353
2027,1,5,0.49227580428123474,0.5150170922279358
2027,1,6,0.4915887117385864,0.5218182802200317
2027,1,7,0.487722784280777,0.5382311344146729
2027,1,8,0.4944087862968445,0.5530861020088196
2027,1,9,0.49330228567123413,0.5692000985145569
2027,1,10,0.4908534586429596,0.5908596515655518
2027,1,11,0.4934876561164856,0.6109974384307861
2027,1,12,0.4883389472961426,0.6370557546615601
2027,1,13,0.5019571185112,0.6592103838920593
2027,1,14,0.4961032271385193,0.6795187592506409
2027,1,15,0.5005769729614258,0.6877882480621338
2027,1,16,0.5025375485420227,0.7081002593040466
2027,1,17,0.5088070631027222,0.7356035709381104
2027,1,18,0.504681408405304,0.7531259655952454
2027,1,19,0.5129432082176208,0.7643522024154663
2027,1,20,0.519067108631134,0.7796575427055359
2027,1,21,0.5135655403137207,0.7938555479049683
2027,1,22,0.5103543996810913,0.814630389213562
2027,1,23,0.5088540315628052,0.8063370585441589
2027,1,24,0.5039365291595459,0.8251861929893494
2027,1,25,0.4771101176738739,0.8081427812576294
2027,1,26,0.45591357350349426,0.8170610070228577
2027,1,27,0.44956445693969727,0.8033601641654968
2027,1,28,0.451437771320343,0.8086431622505188
2027,1,29,0.4374575614929199,0.8123456239700317
2027,1,30,0.42729729413986206,0.7957786917686462
2027,1,31,0.41938382387161255,0.7930520176887512
2027,1,32,0.4177308678627014,0.7898222804069519
2027,1,33,0.4071032702922821,0.7739778757095337
2027,1,34,0.41553959250450134,0.767570436000824
2027,1,35,0.38846921920776367,0.7565140128135681
2027,1,36,0.3881935775279999,0.7434414625167847
2027,1,37,0.3755420744419098,0.7542742490768433
2027,1,38,0.37526586651802063,0.740116536617279
2027,1,39,0.36803439259529114,0.7411426305770874
2027,1,40,0.3516705334186554,0.7222697734832764
2027,1,41,0.36268487572669983,0.6991841793060303
2027,1,42,0.35847461223602295,0.7057396769523621
2027,1,43,0.31543847918510437,0.6952534317970276
2027,1,44,0.32584258913993835,0.7019357681274414
2027,1,45,0.32120656967163086,0.6746235489845276
2027,1,46,0.31392809748649597,0.6789292693138123
2027,1,47,0.3200402855873108,0.6828716993331909
2027,1,48,0.31560349464416504,0.6823827028274536
2027,1,49,0.31420451402664185,0.6747235655784607
2027,1,50,0.30783748626708984,0.684052586555481
2027,1,51,0.3028014004230499,0.6670255661010742
2027,2,0,0.5027856230735779,0.49545353651046753
2027,2,1,0.5039282441139221,0.49372783303260803
2027,2,2,0.50260990858078,0.491585373878479
2027,2,3,0.5006247162818909,0.49533432722091675
2027,2,4,0.4956657588481903,0.49641403555870056
2027,2,5,0.49050015211105347,0.500984787940979
2027,2,6,0.49551495909690857,0.505262553691864
2027,2,7,0.49531012773513794,0.5183435082435608
2027,2,8,0.4934495985507965,0.5347048044204712
2027,2,9,0.49463558197021484,0.5450616478919983
2027,2,10,0.5008979439735413,0.5622224807739258
2027,2,11,0.5088912844657898,0.5721616744995117
2027,2,12,0.4974808990955353,0.5923009514808655
2027,2,13,0.500116765499115,0.622707724571228
2027,2,14,0.5083394050598145,0.6403464078903198
2027,2,15,0.5004037022590637,0.6671393513679504
2027,2,16,0.5262826085090637,0.6953957676887512
2027,2,17,0.5117008686065674,0.7147951722145081
2027,2,18,0.528469443321228,0.7338622212409973
2027,2,19,0.5223739743232727,0.7570173740386963
2027,2,20,0.5224412083625793,0.7667091488838196
2027,2,21,0.5304499864578247,0.760893702507019
2027,2,22,0.5306060314178467,0.7692323923110962
2027,2,23,0.5366227030754089,0.7794839143753052
2027,2,24,0.5257382988929749,0.7780128717422485
2027,2,25,0.5146074891090393,0.7665345668792725
2027,2,26,0.4952925741672516,0.7714595198631287
2027,2,27,0.46821412444114685,0.7677087187767029
2027,2,28,0.45553281903266907,0.7600053548812866
2027,2,29,0.45976346731185913,0.7583965063095093
2027,2,30,0.46264445781707764,0.7506673336029053
2027,2,31,0.4556252360343933,0.7325906157493591
2027,2,32,0.43081754446029663,0.7450582385063171
2027,2,33,0.4088006019592285,0.7349938154220581
2027,2,34,0.4124928116798401,0.729902446269989
2027,2,35,0.4410504996776581,0.713212251663208
2027,2,36,0.43038246035575867,0.7165509462356567
2027,2,37,0.41302263736724854,0.7028321623802185
2027,2,38,0.39091604948043823,0.6981199383735657
2027,2,39,0.4076692461967468,0.7025324106216431
2027,2,40,0.3908346891403198,0.6944677233695984
2027,2,41,0.39618387818336487,0.677679181098938
2027,2,42,0.3739599883556366,0.681430459022522
2027,2,43,0.38041743636131287,0.6909751296043396
2027,2,44,0.37464043498039246,0.6677607297897339
2027,2,45,0.36895185708999634,0.6854760050773621
2027,2,46,0.3671821355819702,0.676278293132782
2027,2,47,0.35902243852615356,0.6495391726493835
2027,2,48,0.3446636497974396,0.6695966124534607
2027,2,49,0.361432284116745,0.6458678245544434
2027,2,50,0.3373323976993561,0.663649320602417
2027,2,51,0.34230437874794006,0.6649531722068787
2027,3,0,0.5109102129936218,0.5382785797119141
2027,3,1,0.5006990432739258,0.5397630929946899
2027,3,2,0.4960015118122101,0.5415593385696411
2027,3,3,0.49491798877716064,0.5395936965942383
2027,3,4,0.4924948215484619,0.5413024425506592
2027,3,5,0.48893076181411743,0.546859085559845
2027,3,6,0.4849221110343933,0.5605493783950806
2027,3,7,0.4885868430137634,0.5648006796836853
2027,3,8,0.4887942373752594,0.5729045867919922
2027,3,9,0.4866725504398346,0.5902551412582397
2027,3,10,0.4965152144432068,0.6080925464630127
2027,3,11,0.49526840448379517,0.6287054419517517
2027,3,12,0.5000859498977661,0.6492746472358704
2027,3,13,0.49924436211586,0.6719642877578735
2027,3,14,0.5131176710128784,0.6962223052978516
2027,3,15,0.5084158182144165,0.7198086977005005
2027,3,16,0.5160220861434937,0.7391789555549622
2027,3,17,0.5142802000045776,0.7510277628898621
2027,3,18,0.5194942355155945,0.7566882371902466
2027,3,19,0.525897204875946,0.7793138027191162
2027,3,20,0.5195038318634033,0.7857531309127808
2027,3,21,0.5291187167167664,0.7840073108673096
2027,3,22,0.5312612652778625,0.7924030423164368
2027,3,23,0.5225666761398315,0.7824477553367615
2027,3,24,0.5251204967498779,0.7751710414886475
2027,3,25,0.48563867807388306,0.7766126990318298
2027,3,26,0.49406272172927856,0.7659756541252136
2027,3,27,0.4383368194103241,0.77446049451828
2027,3,28,0.44356828927993774,0.7493168115615845
2027,3,29,0.43999776244163513,0.7475885152816772
2027,3,30,0.4583691656589508,0.7195866703987122
2027,3,31,0.4094651937484741,0.7486729621887207
2027,3,32,0.41244304180145264,0.7110753059387207
2027,3,33,0.4018714129924774,0.7071264386177063
2027,3,34,0.3916316330432892,0.6811206936836243
2027,3,35,0.3863026797771454,0.7145668864250183
2027,3,36,0.38985201716423035,0.6994631886482239
2027,3,37,0.3709445893764496,0.6793451309204102
2027,3,38,0.3639002740383148,0.6674293279647827
2027,3,39,0.36567598581314087,0.6601482629776001
2027,3,40,0.3363010585308075,0.6638639569282532
2027,3,41,0.34982049465179443,0.6672487258911133
2027,3,42,0.3476890027523041,0.6770235300064087
2027,3,43,0.36013877391815186,0.6446279287338257
2027,3,44,0.35035282373428345,0.6383554935455322
2027,3,45,0.3244497776031494,0.6590335965156555
2027,3,46,0.3448333740234375,0.6324947476387024
2027,3,47,0.32716694474220276,0.6516854166984558
2027,3,48,0.3240499198436737,0.62920743227005
2027,3,49,0.32630103826522827,0.6156898140907288
2027,3,50,0.3292500972747803,0.6159883141517639
2027,4,0,0.5005649924278259,0.4979182779788971
2027,4,1,0.4974609911441803,0.4974457323551178
2027,4,2,0.4948793351650238,0.4980619549751282
2027,4,3,0.49171319603919983,0.49484333395957947
2027,4,4,0.48770588636398315,0.49809908866882324
2027,4,5,0.4902498126029968,0.5026653409004211
2027,4,6,0.4838443100452423,0.5135308504104614
2027,4,7,0.47808417677879333,0.5270889401435852
2027,4,8,0.49090319871902466,0.5353138446807861
2027,4,9,0.48700541257858276,0.5501807332038879
2027,4,10,0.4879002869129181,0.5639145374298096
2027,4,11,0.49655357003211975,0.5963770747184753
2027,4,12,0.4879136085510254,0.612966775894165
2027,4,13,0.4900617301464081,0.636798620223999
2027,4,14,0.49395236372947693,0.6675832867622375
2027,4,15,0.49649131298065186,0.6944328546524048
2027,4,16,0.4990825653076172,0.7120293378829956
2027,4,17,0.5059504508972168,0.7360179424285889
2027,4,18,0.5141773223876953,0.7438768744468689
2027,4,19,0.5183228254318237,0.7420422434806824
2027,4,20,0.5146668553352356,0.74881911277771
2027,4,21,0.523973286151886,0.769493818283081
2027,4,22,0.5188402533531189,0.7828602194786072
2027,4,23,0.5258671045303345,0.754002571105957
2027,4,24,0.5060663223266602,0.7714433073997498
2027,4,25,0.444514662027359,0.7778521776199341
2027,4,26,0.44929200410842896,0.7800639867782593
2027,4,27,0.4208613932132721,0.7673577666282654
2027,4,28,0.4323347210884094,0.7589765787124634
2027,4,29,0.40126246213912964,0.7553851008415222
2027,4,30,0.4228857159614563,0.735655665397644
2027,4,31,0.3929702341556549,0.721714973449707
2027,4,32,0.39301249384880066,0.7217926979064941
2027,4,33,0.37152910232543945,0.7201750874519348
2027,4,34,0.36523813009262085,0.7167921662330627
2027,4,35,0.3688596785068512,0.7081385254859924
2027,4,36,0.34354865550994873,0.7244036793708801
2027,4,37,0.34164413809776306,0.6995453834533691
2027,4,38,0.33135268092155457,0.6851485371589661
2027,4,39,0.3306333124637604,0.6965304613113403
2027,4,40,0.3147531747817993,0.6785765886306763
2027,4,41,0.31889861822128296,0.6777811646461487
2027,4,42,0.3136657476425171,0.6818393468856812
2027,4,43,0.3044373393058777,0.6553742289543152
2027,4,44,0.3027665317058563,0.6432551145553589
2027,4,45,0.29649659991264343,0.6595800518989563
2027,4,46,0.3013434410095215,0.6341309547424316
2027,4,47,0.2917059361934662,0.6100674867630005
2027,4,48,0.2983883023262024,0.6449880003929138
2028,0,0,0.4986152946949005,0.510414183139801
2028,0,1,0.5002638697624207,0.5078298449516296
2028,0,2,0.498471200466156,0.5062147974967957
2028,0,3,0.4979466497898102,0.5033142566680908
2028,0,4,0.48945119976997375,0.5074140429496765
2028,0,5,0.48776698112487793,0.5120185017585754
2028,0,6,0.4813052713871002,0.5209921598434448
2028,0,7,0.48182013630867004,0.5259713530540466
2028,0,8,0.4835699796676636,0.5494704842567444
2028,0,9,0.4882661700248718,0.5610828995704651
2028,0,10,0.48830246925354004,0.5835399627685547
2028,0,11,0.4959210455417633,0.6045118570327759
2028,0,12,0.4980711340904236,0.620989978313446
2028,0,13,0.49410301446914673,0.6380045413970947
2028,0,14,0.48868677020072937,0.676239013671875
2028,0,15,0.4941207468509674,0.7029348015785217
2028,0,16,0.5091292858123779,0.7190291881561279
2028,0,17,0.49664515256881714,0.7404642105102539
2028,0,18,0.5113380551338196,0.7603557109832764
2028,0,19,0.5239914059638977,0.7684489488601685
2028,0,20,0.5191666483879089,0.7878283262252808
2028,0,21,0.5218490958213806,0.7950804233551025
2028,0,22,0.5105003118515015,0.8039824366569519
2028,0,23,0.5256998538970947,0.802646815776825
2028,0,24,0.5021250247955322,0.8021628260612488
2028,0,25,0.49502962827682495,0.8051602244377136
2028,0,26,0.4707028269767761,0.8068423867225647
2028,0,27,0.4636172354221344,0.8033981919288635
2028,0,28,0.44731971621513367,0.7977086305618286
2028,0,29,0.42958009243011475,0.7896268963813782
2028,0,30,0.43121376633644104,0.774430513381958
2028,0,31,0.39060693979263306,0.7844437956809998
2028,0,32,0.4014182388782501,0.7462866902351379
2028,0,33,0.4011514484882355,0.7399778366088867
2028,0,34,0.38060319423675537,0.7334855198860168
2028,0,35,0.35831305384635925,0.7264285087585449
2028,0,36,0.33992525935173035,0.7273021936416626
2028,0,37,0.3391213119029999,0.6996440291404724
2028,0,38,0.34686973690986633,0.6858747601509094
2028,0,39,0.34370481967926025,0.6924517154693604
2028,0,40,0.368308424949646,0.6479966640472412
2028,0,41,0.3624999523162842,0.6510457992553711
2028,0,42,0.3520548939704895,0.6497527956962585
2028,0,43,0.34321165084838867,0.6703805327415466
2028,0,44,0.33339136838912964,0.657945990562439
2028,0,45,0.3226124346256256,0.6485177278518677
2028,0,46,0.33862417936325073,0.6280849575996399
2028,0,47,0.34248247742652893,0.6201909780502319
2028,0,48,0.3092128038406372,0.6514196395874023
2028,0,49,0.3201233446598053,0.6381666660308838
2028,1,0,0.4954126477241516,0.5139167308807373
2028,1,1,0.5025185346603394,0.5133600831031799
2028,1,2,0.503065288066864,0.5166640281677246
2028,1,3,0.5022062659263611,0.514089047908783
2028,1,4,0.5002357363700867,0.5153444409370422
2028,1,5,0.4937690496444702,0.5224446654319763
2028,1,6,0.4942731261253357,0.5330426692962646
2028,1,7,0.49461227655410767,0.5441880226135254
2028,1,8,0.5037090182304382,0.5535098314285278
2028,1,9,0.49633410573005676,0.5733934044837952
2028,1,10,0.4984475076198578,0.5986385941505432
2028,1,11,0.5099931359291077,0.6106334924697876
2028,1,12,0.504550039768219,0.6397490501403809
2028,1,13,0.5132667422294617,0.664389967918396
2028,1,14,0.5130423307418823,0.6973886489868164
2028,1,15,0.512952983379364,0.7193106412887573
2028,1,16,0.5349969863891602,0.737029492855072
2028,1,17,0.5239534974098206,0.757756233215332
2028,1,18,0.5315888524055481,0.7634786367416382
2028,1,19,0.5331956744194031,0.7835364937782288
2028,1,20,0.5380624532699585,0.7880254983901978
2028,1,21,0.5481863021850586,0.7884471416473389
2028,1,22,0.5459727048873901,0.7892034649848938
2028,1,23,0.5465077757835388,0.7997246384620667
2028,1,24,0.5586491227149963,0.8019232153892517
2028,1,25,0.5222380757331848,0.8068224191665649
2028,1,26,0.5130587220191956,0.7939149737358093
2028,1,27,0.4868618845939636,0.7935336232185364
2028,1,28,0.47377368807792664,0.7871365547180176
2028,1,29,0.4689686894416809,0.7815992832183838
2028,1,30,0.470177561044693,0.7768862247467041
2028,1,31,0.46014833450317383,0.766822874546051
2028,1,32,0.4475601613521576,0.7504708170890808
2028,1,33,0.44063031673431396,0.7273675203323364
2028,1,34,0.4141020178794861,0.7565262317657471
2028,1,35,0.40211939811706543,0.752162516117096
2028,1,36,0.38842958211898804,0.7476233839988708
2028,1,37,0.41322582960128784,0.7302583456039429
2028,1,38,0.36647501587867737,0.7267075181007385
2028,1,39,0.3732096552848816,0.6958736181259155
2028,1,40,0.38382062315940857,0.6943792700767517
2028,1,41,0.35874515771865845,0.6968513131141663
2028,1,42,0.3474411070346832,0.6869401335716248
2028,1,43,0.3397199809551239,0.6960957050323486
2028,1,44,0.3554830253124237,0.6646889448165894
2028,1,45,0.3421044945716858,0.6733068227767944
2028,1,46,0.3368483781814575,0.6777871251106262
2028,1,47,0.3436069190502167,0.6710833311080933
2028,1,48,0.3217678666114807,0.6783987879753113
2028,1,49,0.3392004370689392,0.678440511226654
2028,1,50,0.332460880279541,0.6681181788444519
2028,1,51,0.34049803018569946,0.6644307971000671
2028,1,52,0.3204023838043213,0.6861193180084229
2028,1,53,0.31549498438835144,0.6495171189308167
2028,2,0,0.5123311281204224,0.5114795565605164
2028,2,1,0.5063824653625488,0.5109643936157227
2028,2,2,0.4959299564361572,0.5100187063217163
2028,2,3,0.4943943917751312,0.5102216601371765
2028,2,4,0.4916018843650818,0.5089133381843567
2028,2,5,0.4854636490345001,0.5070034861564636
2028,2,6,0.4856330156326294,0.5187498927116394
2028,2,7,0.48694542050361633,0.5276491045951843
2028,2,8,0.4898837208747864,0.5402911901473999
2028,2,9,0.4881711006164551,0.5583057403564453
2028,2,10,0.48992013931274414,0.5852458477020264
2028,2,11,0.485248327255249,0.6062598824501038
2028,2,12,0.5023860335350037,0.6254525780677795
2028,2,13,0.5121835470199585,0.6452730298042297
2028,2,14,0.5006742477416992,0.6664039492607117
2028,2,15,0.4996275305747986,0.6959477663040161
2028,2,16,0.5159900784492493,0.7083330154418945
2028,2,17,0.5113400220870972,0.7334824204444885
2028,2,18,0.5167029500007629,0.7454758286476135
2028,2,19,0.5203222632408142,0.7588151693344116
2028,2,20,0.5280652046203613,0.7836581468582153
2028,2,21,0.5268464088439941,0.7884756922721863
2028,2,22,0.5183424949645996,0.7929025888442993
2028,2,23,0.5183733701705933,0.7900040745735168
2028,2,24,0.5077264904975891,0.7935343980789185
2028,2,25,0.4852225184440613,0.7878309488296509
2028,2,26,0.4866376519203186,0.7916703820228577
2028,2,27,0.476826936006546,0.7730001211166382
2028,2,28,0.45474621653556824,0.7729334235191345
2028,2,29,0.4574517607688904,0.7699391841888428
2028,2,30,0.4514336884021759,0.7713145017623901
2028,2,31,0.4186374247074127,0.7568495273590088
2028,2,32,0.3934226930141449,0.7532216906547546
2028,2,33,0.41100838780403137,0.7395347356796265
2028,2,34,0.37146711349487305,0.7501447200775146
2028,2,35,0.3959096670150757,0.7299469113349915
2028,2,36,0.3827453553676605,0.7258710861206055
2028,2,37,0.3774987459182739,0.7194198966026306
2028,2,38,0.3869592249393463,0.695433497428894
2028,2,39,0.36792898178100586,0.6933143734931946
2028,2,40,0.3707461357116699,0.7053911685943604
2028,2,41,0.36495670676231384,0.6842061877250671
2028,2,42,0.37096095085144043,0.6746622323989868
2028,2,43,0.3425418734550476,0.6653094291687012
2028,2,44,0.3239123225212097,0.6758359670639038
2028,2,45,0.33326342701911926,0.6746543645858765
2028,2,46,0.34706977009773254,0.6752588748931885
2028,2,47,0.3438119888305664,0.6422626972198486
2028,2,48,0.32598626613616943,0.6553517580032349
2028,2,49,0.3453356921672821,0.6353592276573181
2028,2,50,0.3141287565231323,0.6380858421325684
2028,2,51,0.3150196373462677,0.6388934850692749
2028,2,52,0.3140559792518616,0.6253751516342163
2028,2,53,0.3052184283733368,0.612117350101471
2028,3,0,0.5030378699302673,0.5166603922843933
2028,3,1,0.4998786747455597,0.514767587184906
2028,3,2,0.4981857240200043,0.515468418598175
2028,3,3,0.49018511176109314,0.5180280804634094
2028,3,4,0.49160751700401306,0.520296573638916
2028,3,5,0.48978257179260254,0.5208468437194824
2028,3,6,0.48782628774642944,0.5268073678016663
2028,3,7,0.4864727854728699,0.5323270559310913
2028,3,8,0.4780654013156891,0.5475324392318726
2028,3,9,0.4850695729255676,0.5712873935699463
2028,3,10,0.48363322019577026,0.5878549814224243
2028,3,11,0.4956311285495758,0.6055616140365601
2028,3,12,0.4895525872707367,0.6267469525337219
2028,3,13,0.4852396845817566,0.6493366360664368
2028,3,14,0.492867112159729,0.6818750500679016
2028,3,15,0.5030632019042969,0.7023469805717468
2028,3,16,0.5016500353813171,0.720933198928833
2028,3,17,0.4890737533569336,0.7287356853485107
2028,3,18,0.5133684277534485,0.7534739971160889
2028,3,19,0.5123372077941895,0.7644461989402771
2028,3,20,0.5073700547218323,0.7762784957885742
2028,3,21,0.511444091796875,0.7925804257392883
2028,3,22,0.5187675952911377,0.7741246223449707
2028,3,23,0.5164040327072144,0.8015585541725159
2028,3,24,0.511172354221344,0.8044207096099854
2028,3,25,0.4685549736022949,0.7929803729057312
2028,3,26,0.4610643982887268,0.7709867358207703
2028,3,27,0.4172905683517456,0.7762256860733032
2028,3,28,0.4343908429145813,0.7753816843032837
2028,3,29,0.4236222803592682,0.7536087036132812
2028,3,30,0.40920111536979675,0.7466246485710144
2028,3,31,0.38777750730514526,0.7368951439857483
2028,3,32,0.3677954375743866,0.7408859729766846
2028,3,33,0.37896728515625,0.7179763317108154
2028,3,34,0.3858160674571991,0.718049168586731
2028,3,35,0.37797656655311584,0.715688943862915
2028,3,36,0.38814809918403625,0.700837254524231
2028,3,37,0.3433966338634491,0.702444851398468
2028,3,38,0.3565577268600464,0.6914050579071045
2028,3,39,0.37226608395576477,0.6914759874343872
2028,3,40,0.34217578172683716,0.7060697078704834
2028,3,41,0.34603631496429443,0.7136911153793335
2028,3,42,0.309924453496933,0.6940560936927795
2028,3,43,0.3255719542503357,0.6810529232025146
2028,3,44,0.32489848136901855,0.6584183573722839
2028,3,45,0.31229978799819946,0.663827657699585
2028,3,46,0.3173118531703949,0.6455755829811096
2028,3,47,0.3184502422809601,0.6407706141471863
2028,3,48,0.3372136056423187,0.6546241044998169
2028,3,49,0.32481369376182556,0.6472520232200623
2028,3,50,0.3160528242588043,0.641309380531311
2028,4,0,0.4871678054332733,0.515471875667572
2028,4,1,0.49088361859321594,0.515128493309021
2028,4,2,0.497205525636673,0.5162672400474548
2028,4,3,0.49431291222572327,0.5155020952224731
2028,4,4,0.4934641122817993,0.5181304812431335
2028,4,5,0.4906861484050751,0.5236044526100159
2028,4,6,0.48562386631965637,0.5351458191871643
2028,4,7,0.48554250597953796,0.5434774160385132
2028,4,8,0.4852003753185272,0.5561689138412476
2028,4,9,0.4851315915584564,0.5755607485771179
2028,4,10,0.4912872016429901,0.5942103266716003
2028,4,11,0.49042391777038574,0.6164234280586243
2028,4,12,0.4935202896595001,0.6406269669532776
2028,4,13,0.5048679113388062,0.650649905204773
2028,4,14,0.4894002676010132,0.6849837899208069
2028,4,15,0.500898540019989,0.7006801962852478
2028,4,16,0.4939807653427124,0.7343804240226746
2028,4,17,0.5158151984214783,0.7548421621322632
2028,4,18,0.5039264559745789,0.7610588669776917
2028,4,19,0.5069369077682495,0.7820935845375061
2028,4,20,0.5163222551345825,0.7923237085342407
2028,4,21,0.5215553045272827,0.8003361225128174
2028,4,22,0.5102978348731995,0.8053642511367798
2028,4,23,0.505570650100708,0.8064755201339722
2028,4,24,0.5178550481796265,0.8101170063018799
2028,4,25,0.501448929309845,0.8029806613922119
2028,4,26,0.45194196701049805,0.8044946789741516
2028,4,27,0.46872076392173767,0.7916976809501648
2028,4,28,0.4685492217540741,0.7597607970237732
2028,4,29,0.4404102563858032,0.7659078240394592
2028,4,30,0.4154159426689148,0.7633225321769714
2028,4,31,0.4136829376220703,0.7490409016609192
2028,4,32,0.434304803609848,0.7322586178779602
2028,4,33,0.40886572003364563,0.7190139293670654
2028,4,34,0.3960690200328827,0.7097119688987732
2028,4,35,0.3648470342159271,0.7150001525878906
2028,4,36,0.38045960664749146,0.6991481781005859
2028,4,37,0.3881462514400482,0.6964385509490967
2028,4,38,0.3585154414176941,0.6811081171035767
2028,4,39,0.35952281951904297,0.6719632744789124
2028,4,40,0.3314548134803772,0.6449297070503235
2028,4,41,0.32932138442993164,0.6629069447517395
2028,4,42,0.34320423007011414,0.6617875099182129
2028,4,43,0.3532894253730774,0.68686842918396
2028,4,44,0.3468271493911743,0.6540037393569946
2028,4,45,0.3191206455230713,0.6289956569671631
2028,4,46,0.3059413731098175,0.6373185515403748
2028,4,47,0.3178424835205078,0.6295413374900818
2028,4,48,0.3114457428455353,0.6073771119117737
2028,4,49,0.3005450665950775,0.6248611211776733
